{
  "letter": {
    "mode": "Harfler",
    "test_accuracy": 0.9027836998233538,
    "weighted_f1": 0.9026911141093191,
    "per_class_accuracy": {
      "A": 0.8223684210508282,
      "B": 0.9656565656546149,
      "C": 0.8727272727255097,
      "D": 0.6620825147334733,
      "E": 0.9009708737846583,
      "F": 0.9302325581377321,
      "G": 0.7676950998171186,
      "H": 0.949685534589204,
      "I": 0.9027777777759866,
      "J": 0.8701298701282558,
      "K": 0.9222903885461712,
      "L": 0.8735408560294289,
      "M": 0.91312384473029,
      "N": 0.6910714285701945,
      "O": 0.925999999998148,
      "P": 0.922348484846738,
      "R": 0.853515624998333,
      "S": 0.765306122447678,
      "T": 0.7934595524943314,
      "U": 0.9216757741331117,
      "V": 0.9315315315298531,
      "Y": 0.9324324324299124,
      "Z": 0.9243027888427803,
      "del": 0.9886792452792881,
      "nothing": 0.9999999989999999,
      "space": 0.9882352941137716,
      "Ç": 0.9896296296281635,
      "Ö": 0.9999999999985185,
      "Ü": 0.986666666665205,
      "Ğ": 0.9999999999985185,
      "İ": 0.9925925925911221,
      "Ş": 0.9999999999985185
    }
  }
}